{
    "Red Social": {
        "Belen Arzusa": "Lider, FrontEnd",
        "Luis Fernando": "BackEnd",
        "Clever": "FrontEnd",
        "Jose Daniel": "FrontEnd",
        "Santiago": "BackEnd",
        "Yarlenson Mena": "Colaborador"
    },
    "Video Juego": {
        "Andres Argumedo": "",
        "Camilo Caldera": "",
        "Yarlenson Mena": "BackEnd",
        "Samuel": "BackEnd",
        "Juan Pablo": "BackEnd",
        "Omar": "BackEnd - FrontEnd",
        "Mauro": "Instructor"
    },
    "Propaganga Mediatica": {
        "Valentina": "Lider",
        "Nayerlis": "Edición y Grabación",
        "Luis Ramos": "",
        "": "",
        "": "",
        "": ""
    }
}
